-- Seed data for Book Purchase System (non-destructive)
-- 密码统一为: 123456 (MD5 + salt book_purchase_system)
-- 密码哈希: 92159f22d8d94c06fa1ed85a9ee571f7

SET NAMES utf8mb4;

-- 分类
INSERT INTO category (id, name, parent_id, sort, create_time) VALUES
(91001, '文学', 0, 1, '2026-02-20 10:00:00'),
(91002, '计算机', 0, 2, '2026-02-20 10:00:00'),
(91003, '经管', 0, 3, '2026-02-20 10:00:00'),
(91004, '科幻', 91001, 4, '2026-02-20 10:00:00'),
(91005, '当代小说', 91001, 5, '2026-02-20 10:00:00'),
(91006, '前端', 91002, 6, '2026-02-20 10:00:00'),
(91007, '后端', 91002, 7, '2026-02-20 10:00:00'),
(91008, '投资理财', 91003, 8, '2026-02-20 10:00:00'),
(91009, '市场营销', 91003, 9, '2026-02-20 10:00:00');

-- 用户（含管理员）
INSERT INTO `user` (id, username, password, nickname, email, phone, avatar, role, status, create_time, update_time) VALUES
(93001, 'seed_admin', '92159f22d8d94c06fa1ed85a9ee571f7', '测试管理员', 'seed_admin@example.com', '13800010000', NULL, 1, 1, '2026-02-26 09:00:00', '2026-02-26 09:00:00'),
(93002, 'seed_alice', '92159f22d8d94c06fa1ed85a9ee571f7', 'Alice', 'seed_alice@example.com', '13900010001', NULL, 0, 1, '2026-02-27 10:05:00', '2026-02-27 10:05:00'),
(93003, 'seed_bob', '92159f22d8d94c06fa1ed85a9ee571f7', 'Bob', 'seed_bob@example.com', '13900010002', NULL, 0, 1, '2026-02-28 11:20:00', '2026-02-28 11:20:00'),
(93004, 'seed_carol', '92159f22d8d94c06fa1ed85a9ee571f7', 'Carol', 'seed_carol@example.com', '13900010003', NULL, 0, 1, '2026-03-01 12:30:00', '2026-03-01 12:30:00'),
(93005, 'seed_david', '92159f22d8d94c06fa1ed85a9ee571f7', 'David', 'seed_david@example.com', '13900010004', NULL, 0, 1, '2026-03-02 09:15:00', '2026-03-02 09:15:00'),
(93006, 'seed_erin', '92159f22d8d94c06fa1ed85a9ee571f7', 'Erin', 'seed_erin@example.com', '13900010005', NULL, 0, 1, '2026-03-03 15:45:00', '2026-03-03 15:45:00'),
(93007, 'seed_frank', '92159f22d8d94c06fa1ed85a9ee571f7', 'Frank', 'seed_frank@example.com', '13900010006', NULL, 0, 1, '2026-03-05 08:50:00', '2026-03-05 08:50:00');

-- 图书
INSERT INTO book (id, title, author, publisher, isbn, category_id, price, stock, cover_image, description, publish_date, sales, rating, status, create_time, update_time) VALUES
(92001, '时间简史', '史蒂芬·霍金', '湖南科技出版社', '9787535732309', 91004, 58.00, 120, '/uploads/cover/8699929c515a485ba2881b40ee434728.png', '宇宙与时间的科普经典读物。', '2022-06-01', 520, 4.7, 1, '2026-02-20 09:00:00', '2026-02-20 09:00:00'),
(92002, '三体', '刘慈欣', '重庆出版社', '9787536692930', 91004, 79.00, 200, '/uploads/cover/e0d2b84b59bf4cb494479d83e0ddde96.png', '硬核科幻代表作，恢弘宇宙叙事。', '2021-08-01', 980, 4.9, 1, '2026-02-21 09:00:00', '2026-02-21 09:00:00'),
(92003, '球状闪电', '刘慈欣', '重庆出版社', '9787536692985', 91004, 68.00, 150, '/uploads/cover/8699929c515a485ba2881b40ee434728.png', '科学与想象交织的经典作品。', '2020-05-01', 430, 4.5, 1, '2026-02-21 10:00:00', '2026-02-21 10:00:00'),
(92004, '活着', '余华', '作家出版社', '9787506365437', 91005, 45.00, 300, '/uploads/cover/e0d2b84b59bf4cb494479d83e0ddde96.png', '平凡人生的坚韧与温度。', '2019-01-15', 760, 4.8, 1, '2026-02-21 11:00:00', '2026-02-21 11:00:00'),
(92005, '平凡的世界', '路遥', '人民文学出版社', '9787020049295', 91005, 66.00, 180, '/uploads/cover/8699929c515a485ba2881b40ee434728.png', '时代洪流中的个体奋斗史。', '2018-03-12', 640, 4.7, 1, '2026-02-21 12:00:00', '2026-02-21 12:00:00'),
(92006, 'Java核心技术 卷I', '凯·霍斯特曼', '机械工业出版社', '9787115542105', 91007, 128.00, 90, '/uploads/cover/e0d2b84b59bf4cb494479d83e0ddde96.png', 'Java基础与进阶必读。', '2023-05-10', 510, 4.6, 1, '2026-02-22 09:00:00', '2026-02-22 09:00:00'),
(92007, 'Spring实战', 'Craig Walls', '人民邮电出版社', '9787115599055', 91007, 98.00, 110, '/uploads/cover/8699929c515a485ba2881b40ee434728.png', 'Spring生态实践指南。', '2024-01-05', 390, 4.4, 1, '2026-02-22 10:00:00', '2026-02-22 10:00:00'),
(92008, 'Vue.js设计与实现', '霍春阳', '人民邮电出版社', '9787115591233', 91006, 88.00, 140, '/uploads/cover/e0d2b84b59bf4cb494479d83e0ddde96.png', '深入理解Vue核心设计。', '2023-07-20', 460, 4.6, 1, '2026-02-22 11:00:00', '2026-02-22 11:00:00'),
(92009, 'JavaScript高级程序设计', 'Nicholas C. Zakas', '人民邮电出版社', '9787115545380', 91006, 109.00, 160, '/uploads/cover/8699929c515a485ba2881b40ee434728.png', '前端工程师必读经典。', '2020-09-01', 870, 4.8, 1, '2026-02-22 12:00:00', '2026-02-22 12:00:00'),
(92010, '从0到1：财务自由', '李笑来', '电子工业出版社', '9787121341697', 91008, 76.00, 130, '/uploads/cover/e0d2b84b59bf4cb494479d83e0ddde96.png', '通往财务自由的实践路径。', '2021-11-11', 420, 4.3, 1, '2026-02-23 09:00:00', '2026-02-23 09:00:00'),
(92011, '指数基金投资指南', '螺丝钉', '中信出版社', '9787508697161', 91008, 72.00, 150, '/uploads/cover/8699929c515a485ba2881b40ee434728.png', '指数投资入门与进阶。', '2022-02-18', 530, 4.5, 1, '2026-02-23 10:00:00', '2026-02-23 10:00:00'),
(92012, '增长黑客', '肖恩·埃利斯', '人民邮电出版社', '9787115416297', 91009, 85.00, 170, '/uploads/cover/e0d2b84b59bf4cb494479d83e0ddde96.png', '产品增长方法论与实践。', '2019-07-01', 610, 4.4, 1, '2026-02-23 11:00:00', '2026-02-23 11:00:00'),
(92013, '定位', '艾·里斯', '机械工业出版社', '9787111586598', 91009, 69.00, 200, '/uploads/cover/8699929c515a485ba2881b40ee434728.png', '营销定位的经典之作。', '2018-05-05', 590, 4.2, 1, '2026-02-23 12:00:00', '2026-02-23 12:00:00'),
(92014, '算法图解', 'Aditya Bhargava', '人民邮电出版社', '9787115474884', 91007, 79.00, 150, '/uploads/cover/e0d2b84b59bf4cb494479d83e0ddde96.png', '算法入门图解指南。', '2022-09-10', 480, 4.6, 1, '2026-02-24 09:00:00', '2026-02-24 09:00:00'),
(92015, '深入理解计算机系统', 'Randal E. Bryant', '机械工业出版社', '9787111544932', 91007, 138.00, 80, '/uploads/cover/8699929c515a485ba2881b40ee434728.png', '系统底层与体系结构经典教材。', '2020-12-20', 320, 4.7, 0, '2026-02-24 10:00:00', '2026-02-24 10:00:00'),
(92016, '纳瓦尔宝典', '埃里克·乔根森', '中信出版社', '9787521720261', 91008, 64.00, 210, '/uploads/cover/e0d2b84b59bf4cb494479d83e0ddde96.png', '财富与幸福的思维模型。', '2021-03-12', 450, 4.5, 1, '2026-02-24 11:00:00', '2026-02-24 11:00:00'),
(92017, '微习惯', '斯蒂芬·盖斯', '中信出版社', '9787508692548', 91005, 49.00, 240, '/uploads/cover/8699929c515a485ba2881b40ee434728.png', '小改变带来大结果。', '2017-06-10', 710, 4.4, 1, '2026-02-24 12:00:00', '2026-02-24 12:00:00'),
(92018, '银河帝国：基地', '艾萨克·阿西莫夫', '江苏文艺出版社', '9787539990064', 91004, 88.00, 120, '/uploads/cover/e0d2b84b59bf4cb494479d83e0ddde96.png', '科幻史上的里程碑。', '2019-10-01', 380, 4.3, 1, '2026-02-25 09:00:00', '2026-02-25 09:00:00');

-- 地址
INSERT INTO address (id, user_id, receiver, phone, province, city, district, detail, is_default, create_time) VALUES
(94001, 93002, 'Alice', '13900010001', '浙江省', '杭州市', '西湖区', '文一路 99 号', 1, '2026-02-27 10:10:00'),
(94002, 93003, 'Bob', '13900010002', '上海市', '上海市', '浦东新区', '张江路 88 号', 1, '2026-02-28 11:25:00'),
(94003, 93004, 'Carol', '13900010003', '江苏省', '南京市', '玄武区', '中山东路 66 号', 1, '2026-03-01 12:35:00'),
(94004, 93005, 'David', '13900010004', '广东省', '深圳市', '南山区', '科技园 168 号', 1, '2026-03-02 09:20:00'),
(94005, 93006, 'Erin', '13900010005', '四川省', '成都市', '高新区', '天府大道 520 号', 1, '2026-03-03 15:50:00'),
(94006, 93007, 'Frank', '13900010006', '北京市', '北京市', '海淀区', '中关村 77 号', 1, '2026-03-05 08:55:00');

-- 订单
INSERT INTO `order` (id, order_no, user_id, total_amount, status, address, receiver, phone, remark, create_time, update_time) VALUES
(95001, 'SEED20260227-95001', 93002, 146.00, 3, '浙江省杭州市西湖区文一路 99 号', 'Alice', '13900010001', '已签收', '2026-02-27 10:15:00', '2026-02-27 12:30:00'),
(95002, 'SEED20260228-95002', 93003, 237.00, 2, '上海市浦东新区张江路 88 号', 'Bob', '13900010002', '已发货', '2026-02-28 14:20:00', '2026-03-01 09:00:00'),
(95003, 'SEED20260301-95003', 93004, 139.00, 3, '江苏省南京市玄武区中山东路 66 号', 'Carol', '13900010003', '已签收', '2026-03-01 16:05:00', '2026-03-02 10:00:00'),
(95004, 'SEED20260302-95004', 93005, 212.00, 1, '广东省深圳市南山区科技园 168 号', 'David', '13900010004', '待发货', '2026-03-02 11:40:00', '2026-03-02 11:40:00'),
(95005, 'SEED20260305-95005', 93002, 167.00, 1, '浙江省杭州市西湖区文一路 99 号', 'Alice', '13900010001', '礼品包装', '2026-03-05 09:15:00', '2026-03-05 09:15:00'),
(95006, 'SEED20260303-95006', 93006, 68.00, 0, '四川省成都市高新区天府大道 520 号', 'Erin', '13900010005', '待支付', '2026-03-03 18:20:00', '2026-03-03 18:20:00'),
(95007, 'SEED20260304-95007', 93007, 85.00, 4, '北京市海淀区中关村 77 号', 'Frank', '13900010006', '取消订单', '2026-03-04 10:10:00', '2026-03-04 11:00:00'),
(95008, 'SEED20260303-95008', 93003, 145.00, 3, '上海市浦东新区张江路 88 号', 'Bob', '13900010002', '已签收', '2026-03-03 09:30:00', '2026-03-04 09:30:00'),
(95009, 'SEED20260304-95009', 93004, 207.00, 2, '江苏省南京市玄武区中山东路 66 号', 'Carol', '13900010003', '运输中', '2026-03-04 15:25:00', '2026-03-05 10:00:00'),
(95010, 'SEED20260305-95010', 93005, 138.00, 1, '广东省深圳市南山区科技园 168 号', 'David', '13900010004', '尽快发货', '2026-03-05 10:05:00', '2026-03-05 10:05:00');

-- 订单明细
INSERT INTO order_item (id, order_id, book_id, book_title, book_price, quantity, subtotal) VALUES
(96001, 95001, 92001, '时间简史', 58.00, 1, 58.00),
(96002, 95001, 92008, 'Vue.js设计与实现', 88.00, 1, 88.00),
(96003, 95002, 92006, 'Java核心技术 卷I', 128.00, 1, 128.00),
(96004, 95002, 92009, 'JavaScript高级程序设计', 109.00, 1, 109.00),
(96005, 95003, 92004, '活着', 45.00, 2, 90.00),
(96006, 95003, 92017, '微习惯', 49.00, 1, 49.00),
(96007, 95004, 92010, '从0到1：财务自由', 76.00, 1, 76.00),
(96008, 95004, 92011, '指数基金投资指南', 72.00, 1, 72.00),
(96009, 95004, 92016, '纳瓦尔宝典', 64.00, 1, 64.00),
(96010, 95005, 92002, '三体', 79.00, 1, 79.00),
(96011, 95005, 92018, '银河帝国：基地', 88.00, 1, 88.00),
(96012, 95006, 92003, '球状闪电', 68.00, 1, 68.00),
(96013, 95007, 92012, '增长黑客', 85.00, 1, 85.00),
(96014, 95008, 92005, '平凡的世界', 66.00, 1, 66.00),
(96015, 95008, 92014, '算法图解', 79.00, 1, 79.00),
(96016, 95009, 92007, 'Spring实战', 98.00, 1, 98.00),
(96017, 95009, 92009, 'JavaScript高级程序设计', 109.00, 1, 109.00),
(96018, 95010, 92013, '定位', 69.00, 2, 138.00);

-- 购物车
INSERT INTO cart (id, user_id, book_id, quantity, create_time) VALUES
(97001, 93002, 92003, 1, '2026-03-05 09:40:00'),
(97002, 93002, 92009, 2, '2026-03-05 09:41:00'),
(97003, 93004, 92010, 1, '2026-03-04 19:00:00'),
(97004, 93006, 92008, 1, '2026-03-03 16:10:00');

-- 评价
INSERT INTO review (id, user_id, book_id, rating, content, create_time) VALUES
(98001, 93002, 92001, 5, '科普入门很友好，读完对宇宙有新认识。', '2026-02-28 09:00:00'),
(98002, 93003, 92006, 4, '内容系统，案例丰富，适合进阶学习。', '2026-03-01 10:00:00'),
(98003, 93004, 92005, 5, '叙事细腻，人物塑造非常打动人。', '2026-03-02 18:00:00'),
(98004, 93005, 92011, 4, '思路清晰，适合长期投资者。', '2026-03-03 12:00:00'),
(98005, 93006, 92008, 5, '深入源码，框架设计讲得很透彻。', '2026-03-04 14:30:00'),
(98006, 93007, 92012, 3, '概念不错，需要结合实践才能发挥效果。', '2026-03-05 11:00:00');

-- 浏览记录
INSERT INTO browse_history (id, user_id, book_id, browse_count, last_browse_time) VALUES
(99001, 93002, 92002, 3, '2026-03-05 09:10:00'),
(99002, 93002, 92008, 2, '2026-03-05 09:20:00'),
(99003, 93003, 92006, 5, '2026-03-04 13:10:00'),
(99004, 93004, 92010, 4, '2026-03-03 20:30:00'),
(99005, 93005, 92011, 2, '2026-03-04 09:15:00'),
(99006, 93006, 92009, 3, '2026-03-03 16:40:00'),
(99007, 93007, 92012, 1, '2026-03-05 10:30:00'),
(99008, 93003, 92001, 2, '2026-03-02 14:20:00'),
(99009, 93004, 92005, 3, '2026-03-01 18:25:00'),
(99010, 93005, 92014, 4, '2026-03-04 11:05:00');

-- 收藏
INSERT INTO favorite (id, user_id, book_id, create_time) VALUES
(99501, 93002, 92008, '2026-03-01 09:00:00'),
(99502, 93003, 92006, '2026-03-01 09:10:00'),
(99503, 93004, 92005, '2026-03-02 10:00:00'),
(99504, 93005, 92011, '2026-03-03 10:00:00'),
(99505, 93006, 92009, '2026-03-03 16:00:00'),
(99506, 93007, 92012, '2026-03-05 09:50:00');
